-- Adminer 5.3.0 PostgreSQL 17.5 dump

TRUNCATE "doughType";
INSERT INTO "doughType" ("id", "name", "price") VALUES
(2,	'Grube',	5),
(1,	'Cienkie (klaszyczne)',	0);

TRUNCATE "ingredient";
INSERT INTO "ingredient" ("id", "name", "quantity", "price") VALUES
(2,	'Sos biały',	9999,	0),
(3,	'Sos BBQ',	999,	2),
(4,	'Sos Sriracha',	99,	2),
(5,	'Szynka',	9,	5),
(6,	'Salami Pepperoni',	9,	6),
(7,	'Kurczak Grillowany',	9,	6),
(8,	'Mozzarella',	9,	5),
(9,	'Feta',	9,	5),
(10,	'Gorgonzola',	9,	6),
(11,	'Parmezan',	5,	5),
(12,	'Cebula',	4,	2),
(13,	'Kukurydza',	2,	2),
(14,	'Papryka',	3,	3),
(15,	'Pieczarki',	3,	3),
(16,	'Pomidorki koktajlowe',	3,	3),
(17,	'Oliwki',	4,	4),
(18,	'Jalapeno',	4,	4),
(19,	'Świeża Bazylia',	3,	3),
(20,	'Rukola',	4,	4),
(21,	'Ananas',	3,	3),
(1,	'Sos pomidorowy',	99999,	0),
(22,	'Oregano',	1,	0);

TRUNCATE "product";
INSERT INTO "product" ("id", "name", "image", "spice", "price") VALUES
(1,	'Miss Klasyki',	'/pizzas/miss-klasyki.png',	1,	23),
(2,	'Piko Bello',	'/pizzas/piko-bello.png',	2,	23),
(3,	'Szef poleca (i Ty też)',	'/pizzas/szef-poleca.png',	1,	23),
(4,	'Hawajska pokusa',	'/pizzas/hawajska-pokusa.png',	1,	23),
(5,	'Cheesus Christ!',	'/pizzas/cheesus-christ.png',	1,	23),
(6,	'Warzywny desant',	'/pizzas/warzywny-desant.png',	1,	23),
(7,	'Diabeł ubiera się w Salami',	'/pizzas/diabel.png',	4,	23),
(8,	'Jej Wysokość Szynka',	'/pizzas/jej-wysokosc-szynka.png',	1,	23),
(10,	'Fetastyczna przygoda',	'/pizzas/fetastyczna-przygoda.png',	1,	23),
(11,	'Testosteron na cieście',	'/pizzas/testosteron-na-ciescie.png',	3,	23),
(9,	'BBQ bez cenzury',	'/pizzas/bbq-bez-cenzury.png',	2,	23),
(12,	'Fitnesiak z Rukolą',	'/pizzas/fitnesiak-z-rukola.png',	1,	23);

TRUNCATE "product_addon_ingredient";
INSERT INTO "product_addon_ingredient" ("id", "productId", "ingredientId") VALUES
(1,	1,	17),
(2,	1,	15),
(3,	1,	11),
(4,	1,	5),
(5,	2,	12),
(6,	2,	18),
(7,	2,	17),
(8,	3,	13),
(9,	3,	12),
(10,	3,	17),
(11,	4,	13),
(12,	4,	11),
(13,	5,	20),
(14,	5,	16),
(15,	6,	17),
(16,	6,	16),
(17,	7,	12),
(18,	7,	17),
(19,	8,	15),
(20,	8,	13),
(21,	8,	12),
(22,	9,	6),
(23,	9,	13),
(24,	9,	15),
(25,	10,	20),
(26,	10,	12),
(27,	11,	12),
(28,	11,	11),
(29,	11,	14),
(30,	12,	7),
(31,	12,	11),
(32,	12,	17);

TRUNCATE "product_ingredient";
INSERT INTO "product_ingredient" ("id", "productId", "ingredientId") VALUES
(1,	1,	1),
(2,	1,	8),
(3,	1,	19),
(4,	1,	22),
(5,	2,	1),
(6,	2,	8),
(7,	2,	6),
(8,	3,	1),
(9,	3,	8),
(10,	3,	5),
(11,	3,	15),
(12,	4,	1),
(13,	4,	8),
(14,	4,	5),
(15,	4,	21),
(16,	5,	1),
(17,	5,	8),
(18,	5,	10),
(19,	5,	11),
(20,	5,	9),
(21,	6,	1),
(22,	6,	8),
(23,	6,	15),
(24,	6,	14),
(25,	6,	12),
(26,	6,	13),
(27,	7,	1),
(28,	7,	8),
(29,	7,	6),
(30,	7,	18),
(31,	7,	4),
(32,	8,	1),
(33,	8,	8),
(34,	8,	5),
(35,	9,	1),
(36,	9,	3),
(37,	9,	8),
(38,	9,	7),
(39,	9,	12),
(40,	9,	14),
(41,	10,	2),
(42,	10,	8),
(43,	10,	7),
(44,	10,	9),
(45,	10,	17),
(46,	10,	16),
(47,	11,	1),
(48,	11,	8),
(49,	11,	5),
(50,	11,	6),
(51,	11,	7),
(52,	11,	18),
(53,	12,	1),
(54,	12,	8),
(55,	12,	5),
(56,	12,	16),
(57,	12,	20);

TRUNCATE "size";
INSERT INTO "size" ("id", "name", "priceRatio") VALUES
(1,	'Mała',	1),
(2,	'Średnia',	1.2),
(3,	'Duża',	1.4);

-- 2025-06-05 09:35:03 UTC
